{
	"format_version": "1.8.0",
	"animations": {
		"animation.model.attack": {
			"animation_length": 1.8,
			"bones": {
				"RightArm": {
					"rotation": {
						"0.32": {
							"vector": [332.5, 0, 0]
						},
						"0.56": {
							"vector": [304.64338, -10.51924, -30.76241]
						},
						"0.64": {
							"vector": [299.9158, -12.95894, -42.81734]
						},
						"0.84": {
							"vector": [285.87811, 3.77459, -59.80826]
						},
						"0.96": {
							"vector": [324.54583, -1.78621, -81.76016]
						},
						"1.08": {
							"vector": [275.34011, 5.61369, -70.46794]
						},
						"1.2": {
							"vector": [275.77629, 23.0328, -68.72529]
						},
						"1.28": {
							"vector": [336.79198, 18.82688, 0.28235]
						},
						"1.32": {
							"vector": [359.20157, 0.10793, 0.16765]
						}
					}
				}
			},
			"particle_effects": {}
		}
	},
	"geckolib_format_version": 2
}